[
  {
    "id": "6dc4fdb6-2154-4614-ba86-09795fef2c8e",
    "data": [
      {
        "text": "take review of my ",
        "userDefined": false
      },
      {
        "text": "product",
        "alias": "product",
        "meta": "@product",
        "userDefined": false
      }
    ],
    "isTemplate": false,
    "count": 0,
    "updated": 1532196426
  },
  {
    "id": "34eb5966-0edf-4abd-91c9-c80fe30aeb94",
    "data": [
      {
        "text": "Review my ",
        "userDefined": false
      },
      {
        "text": "product",
        "alias": "product",
        "meta": "@product",
        "userDefined": true
      }
    ],
    "isTemplate": false,
    "count": 0,
    "updated": 1532196426
  }
]