[
  {
    "id": "39d8bbe6-126d-403a-8056-1a8091921747",
    "data": [
      {
        "text": "Its ",
        "userDefined": false
      },
      {
        "text": "model",
        "alias": "model",
        "meta": "@model",
        "userDefined": true
      },
      {
        "text": " is",
        "userDefined": false
      }
    ],
    "isTemplate": false,
    "count": 0,
    "updated": 1532199475
  },
  {
    "id": "cff2355c-177e-4ec8-9eb3-ccf2b98b9727",
    "data": [
      {
        "text": "The ",
        "userDefined": false
      },
      {
        "text": "model",
        "alias": "model",
        "meta": "@model",
        "userDefined": true
      },
      {
        "text": " is",
        "userDefined": false
      }
    ],
    "isTemplate": false,
    "count": 0,
    "updated": 1532197186
  }
]