[
  {
    "id": "f2f87045-7e0c-40ea-afe1-55a0248c18e0",
    "data": [
      {
        "text": "the ",
        "userDefined": false
      },
      {
        "text": "brand",
        "alias": "brand",
        "meta": "@brand",
        "userDefined": true
      },
      {
        "text": " name is",
        "userDefined": false
      }
    ],
    "isTemplate": false,
    "count": 0,
    "updated": 1532199153
  },
  {
    "id": "0defdde3-3b67-433d-9e8a-189a60df136a",
    "data": [
      {
        "text": "the ",
        "userDefined": false
      },
      {
        "text": "brand",
        "alias": "brand",
        "meta": "@brand",
        "userDefined": false
      },
      {
        "text": " is",
        "userDefined": false
      }
    ],
    "isTemplate": false,
    "count": 0,
    "updated": 1532199153
  },
  {
    "id": "32d1e46c-a8b7-4f5f-8de6-387bee0efce0",
    "data": [
      {
        "text": "Its ",
        "userDefined": false
      },
      {
        "text": "Brand",
        "alias": "brand",
        "meta": "@brand",
        "userDefined": true
      },
      {
        "text": " is",
        "userDefined": false
      }
    ],
    "isTemplate": false,
    "count": 0,
    "updated": 1532199153
  }
]