[
  {
    "id": "d3e6c81f-577f-40d2-acae-30a1661417b6",
    "data": [
      {
        "text": "no stars",
        "userDefined": false
      }
    ],
    "isTemplate": false,
    "count": 0,
    "updated": 1532186745
  },
  {
    "id": "6c1eeca5-bea8-4954-87c7-a1e3ef9a378b",
    "data": [
      {
        "text": "5",
        "alias": "number",
        "meta": "@sys.number",
        "userDefined": false
      },
      {
        "text": " ",
        "userDefined": false
      },
      {
        "text": "stars",
        "alias": "Stars",
        "meta": "@Stars",
        "userDefined": false
      }
    ],
    "isTemplate": false,
    "count": 0,
    "updated": 1532186745
  },
  {
    "id": "e8f97800-27c4-4704-8d31-30d03517212b",
    "data": [
      {
        "text": "4",
        "alias": "number",
        "meta": "@sys.number",
        "userDefined": false
      },
      {
        "text": " ",
        "userDefined": false
      },
      {
        "text": "stars",
        "alias": "Stars",
        "meta": "@Stars",
        "userDefined": false
      }
    ],
    "isTemplate": false,
    "count": 0,
    "updated": 1532186745
  },
  {
    "id": "56b48202-5448-4293-9663-e314bae7ab21",
    "data": [
      {
        "text": " ",
        "userDefined": false
      },
      {
        "text": "3",
        "alias": "number",
        "meta": "@sys.number",
        "userDefined": true
      },
      {
        "text": " ",
        "userDefined": false
      },
      {
        "text": "stars",
        "alias": "Stars",
        "meta": "@Stars",
        "userDefined": false
      }
    ],
    "isTemplate": false,
    "count": 0,
    "updated": 1532186745
  },
  {
    "id": "74e0178e-d5f1-4e87-9cff-7ff7603672bb",
    "data": [
      {
        "text": " ",
        "userDefined": false
      },
      {
        "text": "2",
        "alias": "number",
        "meta": "@sys.number",
        "userDefined": true
      },
      {
        "text": " ",
        "userDefined": false
      },
      {
        "text": "stars",
        "alias": "Stars",
        "meta": "@Stars",
        "userDefined": false
      }
    ],
    "isTemplate": false,
    "count": 0,
    "updated": 1532186745
  },
  {
    "id": "09ade9da-fdee-43d1-b15c-dcef28a4eea6",
    "data": [
      {
        "text": " ",
        "userDefined": false
      },
      {
        "text": "1",
        "alias": "number",
        "meta": "@sys.number",
        "userDefined": true
      },
      {
        "text": " ",
        "userDefined": false
      },
      {
        "text": "stars",
        "alias": "Stars",
        "meta": "@Stars",
        "userDefined": true
      }
    ],
    "isTemplate": false,
    "count": 0,
    "updated": 1532186745
  }
]